時間,編號,名稱,票數
2026-09-21T14:05:23+08:00,001,貓貓野餐,18
2026-09-21T14:05:23+08:00,002,肥哥,38
2026-09-21T14:05:23+08:00,003,syuan,20
2026-09-21T14:05:23+08:00,004,syuan,2
2026-09-21T14:05:23+08:00,005,syuan,1
2026-09-21T14:05:23+08:00,006,syuan,2
2026-09-21T14:05:23+08:00,007,syuan,9
2026-09-21T14:05:23+08:00,008,syuan,3
2026-09-21T14:05:23+08:00,009,syuan,2
2026-09-21T14:05:23+08:00,010,syuan,2
2026-09-21T14:05:23+08:00,011,syuan,1
2026-09-21T14:05:23+08:00,012,syuan,5
2026-09-21T14:05:23+08:00,013,syuan,0
2026-09-21T14:05:23+08:00,014,Patty,0
2026-09-21T14:05:23+08:00,015,台灣凱蒂,137
2026-09-21T14:05:23+08:00,016,Professor Kitty,2
2026-09-21T14:05:23+08:00,017,syuan,0
2026-09-21T14:05:23+08:00,018,syuan,4
2026-09-21T14:05:23+08:00,019,syuan,2
2026-09-21T14:05:23+08:00,020,syuan,1
2026-09-21T14:05:23+08:00,021,syuan,1
2026-09-21T14:05:23+08:00,022,syuan,1
2026-09-21T14:05:23+08:00,023,syuan,1
2026-09-21T14:05:23+08:00,024,syuan,1
2026-09-21T14:05:23+08:00,025,syuan,1
2026-09-21T14:05:23+08:00,026,Yuki,6
2026-09-21T14:05:23+08:00,027,喵喵,7
2026-09-21T14:05:23+08:00,028,syuan,0
2026-09-21T14:05:23+08:00,029,Michelle Lee,0
2026-09-21T14:05:23+08:00,030,syuan,2
2026-09-21T14:05:23+08:00,031,syuan,0
2026-09-21T14:05:23+08:00,032,syuan,0
2026-09-21T14:05:23+08:00,033,Hung,0
2026-09-21T14:05:23+08:00,034,小姳,50
2026-09-21T14:05:23+08:00,035,出遊玩kk,5
2026-09-21T14:05:23+08:00,036,Anna Lin,0
2026-09-21T14:05:23+08:00,037,syuan,1
2026-09-21T14:05:23+08:00,038,syuan,1
2026-09-21T14:05:23+08:00,039,winnie,2
2026-09-21T14:05:23+08:00,040,syuan,1
2026-09-21T14:05:23+08:00,041,winnie,2
2026-09-21T14:05:23+08:00,042,Apple🍎,1
2026-09-21T14:05:23+08:00,043,Kimi與凱蒂,0
2026-09-21T14:05:23+08:00,044,syuan,1
2026-09-21T14:05:23+08:00,045,我就是懶凱蒂貓,2
2026-09-21T14:05:23+08:00,046,SYUAN,0
2026-09-21T14:05:23+08:00,047,syuan,1
2026-09-21T14:05:23+08:00,048,syuan,1
2026-09-21T14:05:23+08:00,049,minboa,1
2026-09-21T14:05:23+08:00,050,syuan,30
2026-09-21T14:05:23+08:00,051,跟kitty同歲的meya,0
2026-09-21T14:05:23+08:00,052,Hung,0
2026-09-21T14:05:23+08:00,053,許耀文文,1
2026-09-21T14:05:23+08:00,054,呂櫻,0
2026-09-21T14:05:23+08:00,055,33,4
2026-09-21T14:05:23+08:00,056,阿寧,0
2026-09-21T14:05:23+08:00,057,凱蒂走走,0
2026-09-21T14:05:23+08:00,058,我在基隆廟口很想你,9
2026-09-21T14:05:23+08:00,059,郁涵,0
2026-09-21T14:05:23+08:00,060,CinDy,1
2026-09-21T14:05:23+08:00,061,柯柯麗,6
2026-09-21T14:05:23+08:00,062,長腿辣妹的ZOO DAY,0
2026-09-21T14:05:23+08:00,063,小臘腸Kitty闖入布丁的生日Party,0
2026-09-21T14:05:23+08:00,064,珊珊來遲,0
2026-09-21T14:05:23+08:00,065,楊,0
2026-09-21T14:05:23+08:00,066,외모 check,12
2026-09-21T14:05:23+08:00,067,李樂ㄌㄌ aka 美莓,1
2026-09-21T14:05:23+08:00,068,Sunny,52
2026-09-21T14:05:23+08:00,069,SS喵,5
2026-09-21T14:05:23+08:00,070,薔薇,3
2026-09-21T14:05:23+08:00,071,古早味kitty,3
2026-09-21T14:05:23+08:00,072,龍虎kitty,8
2026-09-21T14:05:23+08:00,073,KK,27
2026-09-21T14:05:23+08:00,074,佛光山凱蒂,0
2026-09-21T14:05:23+08:00,075,tina,0
2026-09-21T14:05:23+08:00,076,Hello kitty你在嗎？,11
2026-09-21T14:05:23+08:00,077,清心kitty,0
2026-09-21T14:05:23+08:00,078,七股鹽山kitty,5
2026-09-21T14:05:23+08:00,079,Yuankitty,262
2026-09-21T14:05:23+08:00,080,Yuanboy,2
2026-09-21T14:05:23+08:00,081,周恩萱,12
2026-09-21T14:05:23+08:00,082,Winnie,42
2026-09-21T14:05:23+08:00,083,憨憨kitty,89
2026-09-21T14:05:23+08:00,084,憨憨kitty(澎湖小卷米粉）,0
2026-09-21T14:05:23+08:00,085,草莓奶油醬🧁,1
2026-09-21T14:05:23+08:00,086,憨憨kitty,2
2026-09-21T14:05:23+08:00,087,星巴克小店長,0
2026-09-21T14:05:23+08:00,088,憨憨kitty,1
2026-09-21T14:05:23+08:00,089,要開動嘍🍽️,0
2026-09-21T14:05:23+08:00,090,花花小公主👸🏼,15
2026-09-21T14:05:23+08:00,091,生鏽鐵門KITTY,11
2026-09-21T14:05:23+08:00,092,憨憨kitty,1
2026-09-21T14:05:23+08:00,093,張嘟嘟,11
2026-09-21T14:05:23+08:00,094,嘟嚕,2
2026-09-21T14:05:23+08:00,095,沐沐,3
2026-09-21T14:05:23+08:00,096,Kelly,1
2026-09-21T14:05:23+08:00,097,百變小鸚,1
2026-09-21T14:05:23+08:00,098,ddeateat,37
2026-09-21T14:05:23+08:00,099,百變小鸚,0
2026-09-21T14:05:23+08:00,100,小當家Kitty,1
2026-09-21T14:05:23+08:00,101,百變小鸚,0
2026-09-21T14:05:23+08:00,102,ddeateat,0
2026-09-21T14:05:23+08:00,103,百變小鸚,0
2026-09-21T14:05:23+08:00,104,ddeateat,1
2026-09-21T14:05:23+08:00,105,百變小鸚,0
2026-09-21T14:05:23+08:00,106,ddeateat,0
2026-09-21T14:05:23+08:00,107,百變小鸚,0
2026-09-21T14:05:23+08:00,108,百變小鸚,0
2026-09-21T14:05:23+08:00,109,百變小鸚,0
2026-09-21T14:05:23+08:00,110,百變小鸚,0
2026-09-21T14:05:23+08:00,111,憨憨kitty,0
2026-09-21T14:05:23+08:00,112,愛幫助人的凱蒂,196
2026-09-21T14:05:23+08:00,113,Qyuuu,9
2026-09-21T14:05:23+08:00,114,憨憨kk,0
2026-09-21T14:05:23+08:00,115,小楓,2
2026-09-21T14:05:23+08:00,116,憨憨kitty,1
2026-09-21T14:05:23+08:00,117,百變小鸚,0
2026-09-21T14:05:23+08:00,118,Agui,0
2026-09-21T14:05:23+08:00,119,百變小鸚,0
2026-09-21T14:05:23+08:00,120,Agui,0
2026-09-21T14:05:23+08:00,121,Agui,0
2026-09-21T14:05:23+08:00,122,百變小鸚,1
2026-09-21T14:05:23+08:00,123,Agui,0
2026-09-21T14:05:23+08:00,124,Agui,0
2026-09-21T14:05:23+08:00,125,Agui,5
2026-09-21T14:05:23+08:00,126,Agui,0
2026-09-21T14:05:23+08:00,127,Agui,0
2026-09-21T14:05:23+08:00,128,Agui,0
2026-09-21T14:05:23+08:00,129,Winnie’s,3
2026-09-21T14:05:23+08:00,130,Agui,0
2026-09-21T14:05:23+08:00,131,福岡三隻貓,1
2026-09-21T14:05:23+08:00,132,YUMIN,16
2026-09-21T14:05:23+08:00,133,與凱蒂的大港開唱🎵,0
2026-09-21T14:05:23+08:00,134,覓蜜Ramii,0
2026-09-21T14:05:23+08:00,135,覓蜜Ramii,0
2026-09-21T14:05:23+08:00,136,+J,2
2026-09-21T14:05:23+08:00,137,+J,1
2026-09-21T14:05:23+08:00,138,+J,6
2026-09-21T14:05:23+08:00,139,權志龍的老婆,0
2026-09-21T14:05:23+08:00,140,孝順的吐司邊,2
2026-09-21T14:05:23+08:00,141,三麗鷗樂園,1
2026-09-21T14:05:23+08:00,142,+J,0
2026-09-21T14:05:23+08:00,143,孝順的吐司邊,1
2026-09-21T14:05:23+08:00,144,范干干,2
2026-09-21T14:05:23+08:00,145,Kin,2
2026-09-21T14:05:23+08:00,146,Kin,3
2026-09-21T14:05:23+08:00,147,台灣環島列車,0
2026-09-21T14:05:23+08:00,148,屏東燈會農產kitty,0
2026-09-21T14:05:23+08:00,149,Kitty們,0
2026-09-21T14:05:23+08:00,150,搭自強3000kitty大集合,1
2026-09-21T14:05:23+08:00,151,台東熱氣球kitty,0
2026-09-21T14:05:23+08:00,152,晚安kitty,0
2026-09-21T14:05:23+08:00,153,芯,0
2026-09-21T14:05:23+08:00,154,芯,1
2026-09-21T14:05:23+08:00,155,芯（傳統手洗衣台）,5
2026-09-21T14:05:23+08:00,156,Haru醬,45
2026-09-21T14:05:23+08:00,157,Cc,0
2026-09-21T14:05:23+08:00,158,kitty牆,1
2026-09-21T14:05:23+08:00,159,只是冰山一角的kitty,3
2026-09-21T14:05:23+08:00,160,小昕,1
2026-09-21T14:05:23+08:00,161,Patty,0
2026-09-21T14:05:23+08:00,162,熊熊,11
2026-09-21T14:05:23+08:00,163,YJ🍎,3
2026-09-21T14:05:23+08:00,164,木琴,40
2026-09-21T14:05:23+08:00,165,李雅琪,5
2026-09-21T14:05:23+08:00,166,nn,0
2026-09-21T14:05:23+08:00,167,nn,0
2026-09-21T14:05:23+08:00,168,nn,1
2026-09-21T14:05:23+08:00,169,一顆藍莓的爸爸,45
2026-09-21T14:05:23+08:00,170,探險吧女孩們,2
2026-09-21T14:05:23+08:00,171,幸運看到福岡kt50周年展,1
2026-09-21T14:05:23+08:00,172,台灣媳婦日常,180
2026-09-21T14:05:23+08:00,173,台灣媳婦日常,2
2026-09-21T14:05:23+08:00,174,Kitty環保列車,0
2026-09-21T14:05:23+08:00,175,Min,0
2026-09-21T14:05:23+08:00,176,nn,1
2026-09-21T14:05:23+08:00,177,nn,0
2026-09-21T14:05:23+08:00,178,違停機車,6
2026-09-21T14:05:23+08:00,179,nn,0
2026-09-21T14:05:23+08:00,180,nn,8
2026-09-21T14:05:23+08:00,181,nn,1
2026-09-21T14:05:23+08:00,182,nn,0
2026-09-21T14:05:23+08:00,183,玲玲,4
2026-09-21T14:05:23+08:00,184,玲玲,0
2026-09-21T14:05:23+08:00,185,Apple,1
2026-09-21T14:05:23+08:00,186,Meowflower,1
2026-09-21T14:05:23+08:00,187,回家投票,1
2026-09-21T14:05:23+08:00,188,台東熱氣球無人機,1
2026-09-21T14:05:23+08:00,189,口愛美莓,5
2026-09-21T14:05:23+08:00,190,高雄中央公園聖誕節,1
2026-09-21T14:05:23+08:00,191,搭高鐵kitty,0
2026-09-21T14:05:23+08:00,192,春聯kitty,0
2026-09-21T14:05:23+08:00,193,黃色小鴨kitty,0
2026-09-21T14:05:23+08:00,194,元宵燈籠kitty,0
2026-09-21T14:05:23+08:00,195,腳踏車,0
2026-09-21T14:05:23+08:00,196,金門,0
2026-09-21T14:05:23+08:00,197,涵涵,1
2026-09-21T14:05:23+08:00,198,Meowflower,1
2026-09-21T14:05:23+08:00,199,小昕,2
2026-09-21T14:05:23+08:00,200,小昕,1
2026-09-21T14:05:23+08:00,201,稻香．遇見KITTY,0
2026-09-21T14:05:23+08:00,202,品子,3
2026-09-21T14:05:23+08:00,203,KITTY與朋友・幸福相聚,0
2026-09-21T14:05:23+08:00,204,青椒,0
2026-09-21T14:05:23+08:00,205,品子,0
2026-09-21T14:05:23+08:00,206,甜美pp,9
2026-09-21T14:05:23+08:00,207,Farah balloon,0
2026-09-21T14:05:23+08:00,208,品子,0
2026-09-21T14:05:23+08:00,209,xin,36
2026-09-21T14:05:23+08:00,210,品子,0
2026-09-21T14:05:23+08:00,211,瘋英,0
2026-09-21T14:05:23+08:00,212,Dr.Yao,8
2026-09-21T14:05:23+08:00,213,娟娟,2
2026-09-21T14:05:23+08:00,214,Summer,1
2026-09-21T14:05:23+08:00,215,Summer,1
2026-09-21T14:05:23+08:00,216,Summer,4
2026-09-21T14:05:23+08:00,217,Cindy&Kitty,0
2026-09-21T14:05:23+08:00,218,樺樺,4
2026-09-21T14:05:23+08:00,219,樺樺,4
2026-09-21T14:05:23+08:00,220,米竹媽,10
2026-09-21T14:05:23+08:00,221,和Kitty雨中漫步,0
2026-09-21T14:05:23+08:00,222,SS-休息站野生喵,0
2026-09-21T14:05:23+08:00,223,跟Kitty一起去旅行,18
2026-09-21T14:05:23+08:00,224,Ivy,161
2026-09-21T14:05:23+08:00,225,Kitty 🩷JIE,0
2026-09-21T14:05:23+08:00,226,stella97222,0
2026-09-21T14:05:23+08:00,227,入境隨俗的Kitty,4
2026-09-21T14:05:23+08:00,228,ChuChuMaMa,22
2026-09-21T14:05:23+08:00,229,貝拉,0
2026-09-21T14:05:23+08:00,230,貝拉,0
2026-09-21T14:05:23+08:00,231,5491,0
2026-09-21T14:05:23+08:00,232,恬恬的凱蒂貓,0
2026-09-21T14:05:23+08:00,233,恬恬的凱蒂貓,0
2026-09-21T14:05:23+08:00,234,恬恬的凱蒂貓,0
2026-09-21T14:05:23+08:00,235,恬恬的凱蒂貓,0
2026-09-21T14:05:23+08:00,236,QY,29
2026-09-21T14:05:23+08:00,237,恬恬的凱蒂貓,0
2026-09-21T14:05:23+08:00,238,QU,0
2026-09-21T14:05:23+08:00,239,恬恬的凱蒂貓,0
2026-09-21T14:05:23+08:00,240,恬恬的凱蒂貓,0
2026-09-21T14:05:23+08:00,241,Yan,0
2026-09-21T14:05:23+08:00,242,Cow Cow,0
2026-09-21T14:05:23+08:00,243,Cow Cow,0
2026-09-21T14:05:23+08:00,244,Cow Cow,1
2026-09-21T14:05:23+08:00,245,Yitingིྀ,12
2026-09-21T14:05:23+08:00,246,HAKKA KITTY,40
2026-09-21T14:05:23+08:00,247,李金沙也要秀,0
2026-09-21T14:05:23+08:00,248,美莓超口愛,0
2026-09-21T14:05:23+08:00,249,夢夢愛吃Kitty,4
2026-09-21T14:05:23+08:00,250,KT在郵局,3
2026-09-21T14:05:23+08:00,251,KT與老鐵窗花,0
2026-09-21T14:05:23+08:00,252,Hsiang,1
2026-09-21T14:05:23+08:00,253,Hsiang,0
2026-09-21T14:05:23+08:00,254,Hello Kitty來作客（世界客家博覽會）,0
2026-09-21T14:05:23+08:00,255,台灣麥當勞🍔,0
2026-09-21T14:05:23+08:00,256,屏東燈會kitty,0
2026-09-21T14:05:23+08:00,257,高雄六龜二集團櫻花公園kitty,0
2026-09-21T14:05:23+08:00,258,我家頂樓kitty,0
2026-09-21T14:05:23+08:00,259,珊嘟嘟,29
2026-09-21T14:05:23+08:00,260,童年,12
2026-09-21T14:05:23+08:00,261,lucia,12
2026-09-21T14:05:23+08:00,262,lucia,1
2026-09-21T14:05:23+08:00,263,lucia,0
2026-09-21T14:05:23+08:00,264,lucia,0
2026-09-21T14:05:23+08:00,265,歐美美,4
2026-09-21T14:05:23+08:00,266,Nicole,13
2026-09-21T14:05:23+08:00,267,Hsiang,2
2026-09-21T14:05:23+08:00,268,Hsiang,0
2026-09-21T14:05:23+08:00,269,歐美美,17
2026-09-21T14:05:23+08:00,270,Jhen,27
2026-09-21T14:05:23+08:00,271,歐美美,1
2026-09-21T14:05:23+08:00,272,五蘋（坪）不到，三蘋（坪）有餘｜台灣厝邊版 Kitty,2
2026-09-21T14:05:23+08:00,273,恰吉吃火鍋,0
2026-09-21T14:05:23+08:00,274,葡茄,14
2026-09-21T14:05:23+08:00,275,鐵蛋,0
2026-09-21T14:05:23+08:00,276,婚紗也要有Kitty,1
2026-09-21T14:05:23+08:00,277,民初_Kitty 婚紗,57
2026-09-21T14:05:23+08:00,278,全聯kitty,0
2026-09-21T14:05:23+08:00,279,大賣場鮮乳kitty,0
2026-09-21T14:05:23+08:00,280,珍珠 Pearl,38
2026-09-21T14:05:23+08:00,281,珍珠 Pearl,0
2026-09-21T14:05:23+08:00,282,珍珠 Pearl,0
2026-09-21T14:05:23+08:00,283,珍珠 Pearl,0
2026-09-21T14:05:23+08:00,284,珍珠 Pearl,0
2026-09-21T14:05:23+08:00,285,YYC,2
2026-09-21T14:05:23+08:00,286,古小貝,157
2026-09-21T14:05:23+08:00,287,哥吉拉也無法抵擋的美食小吃,0
2026-09-21T14:05:23+08:00,288,小昕,0
2026-09-21T14:05:23+08:00,289,小昕,2
2026-09-21T14:05:23+08:00,290,KT騎車出門,0
2026-09-21T14:05:23+08:00,291,KT找不到車,2
2026-09-21T14:05:23+08:00,292,蜜仔,2
2026-09-21T14:05:23+08:00,293,蜜仔,0
2026-09-21T14:05:23+08:00,294,台南林百貨kitty,0
2026-09-21T14:05:23+08:00,295,台灣衣服品牌聯名kitty看板,0
2026-09-21T14:05:23+08:00,296,自己做的kitty餅乾,0
2026-09-21T14:05:23+08:00,297,ddeateat,3
2026-09-21T14:05:23+08:00,298,台南林百貨kitty聯名招牌,0
2026-09-21T14:05:23+08:00,299,我的狗也愛kitty,0
2026-09-21T14:05:23+08:00,300,ddeateat,43
2026-09-21T14:05:23+08:00,301,清明節春捲kitty,0
2026-09-21T14:05:23+08:00,302,回老家小時候kitty收藏,0
2026-09-21T14:05:23+08:00,303,Edison종훈,0
2026-09-21T14:05:23+08:00,304,Edison종훈,0
2026-09-21T14:05:23+08:00,305,Edison종훈,0
2026-09-21T14:05:23+08:00,306,歐美美與老街,1
2026-09-21T14:05:23+08:00,307,歐美美與老街,1
2026-09-21T14:05:23+08:00,308,歐美美與老街,1
2026-09-21T14:05:23+08:00,309,歐美美與老街,0
2026-09-21T14:05:23+08:00,310,歐美美與老街,1
2026-09-21T14:05:23+08:00,311,跟Kitty去旅行,2
2026-09-21T14:05:23+08:00,312,Apei,46
2026-09-21T14:05:23+08:00,313,ju醬&kitty醬,1
2026-09-21T14:05:23+08:00,314,憨憨(kitty台灣便當盒）,0
2026-09-21T14:05:23+08:00,315,等了1小時的Kitty,2
2026-09-21T14:05:23+08:00,316,Betty,7
2026-09-21T14:05:23+08:00,317,Kitty，今晚吃什麼？,18
2026-09-21T14:05:23+08:00,318,猜猜kitty躲在哪,0
2026-09-21T14:05:23+08:00,319,Ying,30
2026-09-21T14:05:23+08:00,320,Ying,6
2026-09-21T14:05:23+08:00,321,祈福Kitty,11
2026-09-21T14:05:23+08:00,322,Milly,20
2026-09-21T14:05:23+08:00,323,小婷,0
2026-09-21T14:05:23+08:00,324,醉愛凱蒂🎀,2
2026-09-21T14:05:23+08:00,325,做一個堂堂正正的台灣kitty,17
2026-09-21T14:05:23+08:00,326,Shawn,2
2026-09-21T14:05:23+08:00,327,Zarina with Hello kitty,0
2026-09-21T14:05:23+08:00,328,阿仁,3
2026-09-21T14:05:23+08:00,329,Nina,3
2026-09-21T14:05:23+08:00,330,恩-上班火車🚂日常,34
2026-09-21T14:05:23+08:00,331,恩-ubike🚴‍♀️上班交通,0
2026-09-21T14:05:23+08:00,332,人生旅伴,28
2026-09-21T14:05:23+08:00,333,Kitty與池池,48
2026-09-21T14:05:23+08:00,334,漫步早市,5
2026-09-21T14:05:23+08:00,335,高海拔蘿蔔,0
2026-09-21T14:05:23+08:00,336,囤物癖,1
2026-09-21T14:05:23+08:00,337,高海拔蘿蔔,0
2026-09-21T14:05:23+08:00,338,jennyyu,24
2026-09-21T14:05:23+08:00,339,早安Kitty,3
2026-09-21T14:05:23+08:00,340,早安Kitty,0
2026-09-21T14:05:23+08:00,341,早安Kitty,0
2026-09-21T14:05:23+08:00,342,KT熱氣球,0
2026-09-21T14:05:23+08:00,343,早安Kitty,0
2026-09-21T14:05:23+08:00,344,UU,5
2026-09-21T14:05:23+08:00,345,UU,0
2026-09-21T14:05:23+08:00,346,UU,0
2026-09-21T14:05:23+08:00,347,UU,0
2026-09-21T14:05:23+08:00,348,Momo醬,18
2026-09-21T14:05:23+08:00,349,UU,0
2026-09-21T14:05:23+08:00,350,liangzhen.915,2
2026-09-21T14:05:23+08:00,351,老公園裡的Kitty,0
2026-09-21T14:05:23+08:00,352,liangzhen.915,0
2026-09-21T14:05:23+08:00,353,美美逛街,0
2026-09-21T14:05:23+08:00,354,台灣kitty想出門,0
2026-09-21T14:05:23+08:00,355,liangzhen.915,0
2026-09-21T14:05:23+08:00,356,Winnie,2
2026-09-21T14:05:23+08:00,357,Liz,0
2026-09-21T14:05:23+08:00,358,日出做運動,0
2026-09-21T14:05:23+08:00,359,守望相助,0
2026-09-21T14:05:23+08:00,360,紅門,1
2026-09-21T14:05:23+08:00,361,你是我的眼,1
2026-09-21T14:05:23+08:00,362,奶油菠蘿麵包,12
2026-09-21T14:05:23+08:00,363,葇葇,2
2026-09-21T14:05:23+08:00,364,Usagi,8
2026-09-21T14:05:23+08:00,365,Sharon樂活趣,0
2026-09-21T14:05:23+08:00,366,索非亞,8
2026-09-21T14:05:23+08:00,367,J,0
2026-09-21T14:05:23+08:00,368,鯉魚潭五球+鋼彈KT,3
2026-09-21T14:05:23+08:00,369,七星潭看海,0
2026-09-21T14:05:23+08:00,370,貪吃の凱蒂,1
2026-09-21T14:05:23+08:00,371,UU,1
2026-09-21T14:05:23+08:00,372,來九份旅遊的kitty,0
2026-09-21T14:05:23+08:00,373,UU,0
2026-09-21T14:05:23+08:00,374,UU,0
2026-09-21T14:05:23+08:00,375,高海拔蘿蔔,0
2026-09-21T14:05:23+08:00,376,Lucia,6
2026-09-21T14:05:23+08:00,377,Moonlight,4
2026-09-21T14:05:23+08:00,378,最愛kitty,3
2026-09-21T14:05:23+08:00,379,Chloé,0
2026-09-21T14:05:23+08:00,380,最愛kitty,2
2026-09-21T14:05:23+08:00,381,高海拔蘿蔔,0
2026-09-21T14:05:23+08:00,382,愛運動的kitty,0
2026-09-21T14:05:23+08:00,383,Ydnew,2
2026-09-21T14:05:23+08:00,384,Hello_Grace,12
2026-09-21T14:05:23+08:00,385,Yun,2
2026-09-21T14:05:23+08:00,386,Yun,0
2026-09-21T14:05:23+08:00,387,Yun,1
2026-09-21T14:05:23+08:00,388,牛奶糖,2
2026-09-21T14:05:23+08:00,389,日治時期的台灣,0
2026-09-21T14:05:23+08:00,390,魚,1
2026-09-21T14:05:23+08:00,391,二號ㄉ作品,6
2026-09-21T14:05:23+08:00,392,KittyFang,0
2026-09-21T14:05:23+08:00,393,越來月老凱蒂貓,0
2026-09-21T14:05:23+08:00,394,阿嬤家的菜櫥仔（tshài-tû-á）,11
2026-09-21T14:05:23+08:00,395,傅太,12
2026-09-21T14:05:23+08:00,396,小傅,0
2026-09-21T14:05:23+08:00,397,社會觀察家K,0
2026-09-21T14:05:23+08:00,398,十一媽媽,7
2026-09-21T14:05:23+08:00,399,亂燉西西,0
2026-09-21T14:05:23+08:00,400,米米ㄉ香菜,0
2026-09-21T14:05:23+08:00,401,UU,0
2026-09-21T14:05:23+08:00,402,Kitty女皇,2
2026-09-21T14:05:23+08:00,403,nana,0
2026-09-21T14:05:23+08:00,404,Brandons.studio,25
2026-09-21T14:05:23+08:00,405,Kitty女皇,14
2026-09-21T14:05:23+08:00,406,只愛凱蒂貓,0
2026-09-21T14:05:23+08:00,407,鋼彈kitty造訪七星潭,0
2026-09-21T14:05:23+08:00,408,小美,0
2026-09-21T14:05:23+08:00,409,瑞瑞,24
2026-09-21T14:05:23+08:00,410,VickyShih,18
2026-09-21T14:05:23+08:00,411,瑞瑞的kitty感性,0
2026-09-21T14:05:23+08:00,412,Kitty遊台灣,1
2026-09-21T14:05:23+08:00,413,茄芷咪,0
2026-09-21T14:05:23+08:00,414,下一站 可愛隨行,6
2026-09-21T14:05:23+08:00,415,戀練拍拍照相趣,6
2026-09-21T14:05:23+08:00,416,PHC,0
2026-09-21T14:05:23+08:00,417,PHC,0
2026-09-21T14:05:23+08:00,418,L,0
2026-09-21T14:05:23+08:00,419,Chihyu,0
2026-09-21T14:05:23+08:00,420,kitty鐵粉,0
2026-09-21T14:05:23+08:00,421,KT在巷口,0
2026-09-21T14:05:23+08:00,422,PHC,0
2026-09-21T14:05:23+08:00,423,Evelyn,0
2026-09-21T14:05:23+08:00,424,扣,0
2026-09-21T14:05:23+08:00,425,K,0
2026-09-21T14:05:23+08:00,426,K,0
2026-09-21T14:05:23+08:00,427,四代同堂🧑‍🧑‍🧒,0
2026-09-21T14:05:23+08:00,428,Yunyun,0
2026-09-21T14:05:23+08:00,429,陳61,0
2026-09-21T14:05:23+08:00,430,陳61,0
2026-09-21T14:05:23+08:00,431,依依,0
2026-09-21T14:05:23+08:00,432,Mico,0
2026-09-21T14:05:23+08:00,433,Mico,0
2026-09-21T14:05:23+08:00,434,高海拔蘿蔔,0
2026-09-21T14:05:23+08:00,435,Kitty,0
2026-09-21T14:05:23+08:00,436,Sharon樂活趣,1
2026-09-21T14:05:23+08:00,437,Wei Smile,0
2026-09-21T14:05:23+08:00,438,祺臨,0
2026-09-21T14:05:23+08:00,439,躲貓貓,1
2026-09-21T14:05:23+08:00,440,蓁蓁,64
2026-09-21T14:05:23+08:00,441,Kiki,0
2026-09-21T14:05:23+08:00,442,FangFang,1
2026-09-21T14:05:23+08:00,443,哥吉拉 特斯拉 傻傻分不清,0
2026-09-21T14:05:23+08:00,444,咩咩,3
2026-09-21T14:05:23+08:00,445,咩咩,1
2026-09-21T14:05:23+08:00,446,咩咩,20
2026-09-21T14:05:23+08:00,447,Cathy,2
2026-09-21T14:05:23+08:00,448,咩咩,3
2026-09-21T14:05:23+08:00,449,Cathy—記憶裡的浴室,2
2026-09-21T14:05:23+08:00,450,日光浴KT,2
2026-09-21T14:05:23+08:00,451,六千,0
2026-09-21T14:05:23+08:00,452,小湯湯,1
2026-09-21T14:05:23+08:00,453,HAN的生活日常,7
2026-09-21T14:05:23+08:00,454,珈,0
2026-09-21T14:05:23+08:00,455,xxc,0
2026-09-21T14:05:23+08:00,456,Han,0
2026-09-21T14:05:23+08:00,457,窗邊記憶,4
2026-09-21T14:05:23+08:00,458,塑膠袋💤,0
2026-09-21T14:05:23+08:00,459,Kiki,0
2026-09-21T14:05:23+08:00,460,承載回憶的Kitty,0
2026-09-21T14:05:23+08:00,461,優蒂,10
2026-09-21T14:05:23+08:00,462,小葛,0
2026-09-21T14:05:23+08:00,463,優蒂,1
2026-09-21T14:05:23+08:00,464,優蒂,1
2026-09-21T14:05:23+08:00,465,Hsiang,3
2026-09-21T14:05:23+08:00,466,菊島渡假Kitty,0
2026-09-21T14:05:23+08:00,467,Kt,3
2026-09-21T14:05:23+08:00,468,Kk,0
2026-09-21T14:05:23+08:00,469,倩倩,0
2026-09-21T14:05:23+08:00,470,Meow,0
2026-09-21T14:05:23+08:00,471,小徐,0
2026-09-21T14:05:23+08:00,472,Meow,0
2026-09-21T14:05:23+08:00,473,大豪哥,0
2026-09-21T14:05:23+08:00,474,甜姐兒,1
2026-09-21T14:05:23+08:00,475,Meow,0
2026-09-21T14:05:23+08:00,476,Tina珊,1
2026-09-21T14:05:23+08:00,477,貓貓與kitty貓,0
2026-09-21T14:05:23+08:00,478,KT遊中橫,0
2026-09-21T14:05:23+08:00,479,Tina珊,0
2026-09-21T14:05:23+08:00,480,581,2
2026-09-21T14:05:23+08:00,481,KT旅行去,0
2026-09-21T14:05:23+08:00,482,害羞的KT,0
2026-09-21T14:05:23+08:00,483,ki太郎勇闖鬼島 祿壽雙全,0
2026-09-21T14:05:23+08:00,484,Poppy,0
2026-09-21T14:05:23+08:00,485,凱蒂,0
2026-09-21T14:05:23+08:00,486,YJ,0
2026-09-21T14:05:23+08:00,487,Mimo,0
2026-09-21T14:05:23+08:00,488,小花朵球,0
2026-09-21T14:05:23+08:00,489,Mimo,0
2026-09-21T14:05:23+08:00,490,jjy,4
2026-09-21T14:05:23+08:00,491,jjy（失物招領）,0
2026-09-21T14:05:23+08:00,492,南台灣kitty女神,0
2026-09-21T14:05:23+08:00,493,ktjoey,6
2026-09-21T14:05:23+08:00,494,栓婷,0
2026-09-21T14:05:23+08:00,495,KT & 雨Ting,1
2026-09-21T14:05:23+08:00,496,Jenny愛KT,0
2026-09-21T14:05:23+08:00,497,枕頭山頂的大昍,1
2026-09-21T14:05:23+08:00,498,101katie&kelly,0
2026-09-21T14:05:23+08:00,499,熊熊與kitty,0
2026-09-21T14:05:23+08:00,500,四四南村與hello kitty,0
2026-09-21T14:05:23+08:00,501,台灣大巨蛋kitty 看棒球⚾️,0
2026-09-21T14:05:23+08:00,502,Kitty 參觀復古阿嬤家的床,0
2026-09-21T14:05:23+08:00,503,復古零嘴,0
2026-09-21T14:05:23+08:00,504,圓仔,0
2026-09-21T14:05:23+08:00,505,台灣除夕的家裡,0
2026-09-21T14:05:23+08:00,506,大路上的Kitty戒指,0
2026-09-21T14:05:23+08:00,507,Kitty 小迷妹,0
2026-09-21T14:05:23+08:00,508,金門電話亭,0
2026-09-21T14:05:23+08:00,509,Kitty的奴隸,0
2026-09-21T14:05:23+08:00,510,漂亮凱蒂媽媽,0
2026-09-21T14:05:23+08:00,511,Shanshan,8
2026-09-21T14:05:23+08:00,512,公園漫步 Kt,0
2026-09-21T14:05:23+08:00,513,晴,0
2026-09-21T14:05:23+08:00,514,人生旅伴（台鐵）,0
2026-09-21T14:05:23+08:00,515,與凱蒂貓的獨旅日記,4
2026-09-21T14:05:23+08:00,516,人生旅伴（婚紗篇）,0
2026-09-21T14:05:23+08:00,517,卿,0
2026-09-21T14:05:23+08:00,518,晴,0
2026-09-21T14:05:23+08:00,519,嗡嗡嗡,0
2026-09-21T14:05:23+08:00,520,阿魚,5
2026-09-21T14:05:23+08:00,521,哥吉喵,1
2026-09-21T14:05:23+08:00,522,Lonely,0
2026-09-21T14:05:23+08:00,523,歐力,0
2026-09-21T14:05:23+08:00,524,歐力,0
2026-09-21T14:05:23+08:00,525,KT & 雨Ting,0
2026-09-21T14:05:23+08:00,526,粉紅公主,0
2026-09-21T14:05:23+08:00,527,皮,0
2026-09-21T15:29:07+08:00,002,肥哥,39
2026-09-21T15:29:07+08:00,015,台灣凱蒂,139
2026-09-21T15:29:07+08:00,112,愛幫助人的凱蒂,200
2026-09-21T15:29:07+08:00,169,一顆藍莓的爸爸,46
2026-09-21T15:29:07+08:00,224,Ivy,162
2026-09-21T15:29:07+08:00,277,民初_Kitty 婚紗,59
2026-09-21T15:29:07+08:00,286,古小貝,159
2026-09-21T15:29:07+08:00,319,Ying,31
2026-09-21T15:29:07+08:00,322,Milly,21
2026-09-21T15:29:07+08:00,330,恩-上班火車🚂日常,35
2026-09-21T15:29:07+08:00,333,Kitty與池池,49
2026-09-21T15:29:07+08:00,344,UU,6
2026-09-21T15:29:07+08:00,364,Usagi,10
2026-09-21T15:29:07+08:00,368,鯉魚潭五球+鋼彈KT,4
2026-09-21T15:29:07+08:00,391,二號ㄉ作品,8
2026-09-21T15:29:07+08:00,404,Brandons.studio,28
2026-09-21T15:29:07+08:00,409,瑞瑞,27
2026-09-21T15:29:07+08:00,414,下一站 可愛隨行,8
2026-09-21T15:29:07+08:00,440,蓁蓁,69
2026-09-21T15:29:07+08:00,448,咩咩,4
2026-09-21T15:29:07+08:00,453,HAN的生活日常,8
2026-09-21T15:29:07+08:00,479,Tina珊,1
2026-09-21T15:29:07+08:00,480,581,3
2026-09-21T15:29:07+08:00,491,jjy（失物招領）,2
2026-09-21T15:29:07+08:00,492,南台灣kitty女神,1
2026-09-21T15:29:07+08:00,496,Jenny愛KT,1
2026-09-21T15:29:07+08:00,511,Shanshan,9
2026-09-21T15:29:07+08:00,512,公園漫步 Kt,1
2026-09-21T15:29:07+08:00,515,與凱蒂貓的獨旅日記,6
2026-09-21T15:29:07+08:00,520,阿魚,6
